date,UnixTimeStamp,Supply,MarketCap,Price
2015-07-30,1438214400,72049306.59,0,0
2015-07-31,1438300800,72085498.31,0,0
2015-08-01,1438387200,72113204.25,0,0
2015-08-02,1438473600,72141427.69,0,0
2015-08-03,1438560000,72169404.41,0,0
2015-08-04,1438646400,72197882.84,0,0
2015-08-05,1438732800,72225411.44,0,0
2015-08-06,1438819200,72252486.91,0,0
2015-08-07,1438905600,72279924.56,216.8397737,3
2015-08-08,1438992000,72307868,86.7694416,1.2
2015-08-09,1439078400,72335046.28,86.80205554,1.2
2015-08-10,1439164800,72362863.63,0,0
2015-08-11,1439251200,72390891.44,71.66698252,0.99
2015-08-12,1439337600,72418262.38,93.41955846,1.29
2015-08-13,1439424000,72446530.5,136.1994773,1.88
2015-08-14,1439510400,72477637.22,129.7349706,1.79
2015-08-15,1439596800,72506149.88,129.7860083,1.79
2015-08-17,1439769600,72534268.78,94.29454942,1.3
2015-08-16,1439683200,72561363.31,99.40906774,1.37
2015-08-18,1439856000,72587526.13,98.71903553,1.36
2015-08-19,1439942400,72614808.16,90.04236211,1.24
2015-08-20,1440028800,72635865.19,110.4065151,1.52
2015-08-21,1440115200,72662556.13,104.6340808,1.44
2015-08-22,1440201600,72690106.59,101.7661492,1.4
2015-08-23,1440288000,72716362.22,98.167089,1.35
2015-08-24,1440374400,72743695.5,90.20218242,1.24
2015-08-25,1440460800,72770431.59,92.41844812,1.27
2015-08-26,1440547200,72796569.56,85.89995208,1.18
2015-08-27,1440633600,72821102.38,83.01605671,1.14
2015-08-28,1440720000,72845327.53,94.69892579,1.3
2015-08-29,1440806400,72867852.53,85.98406599,1.18
2015-08-30,1440892800,72889306.13,96.21388409,1.32
2015-08-31,1440979200,72910599.56,95.51288543,1.31
2015-09-01,1441065600,72930942.53,99.18608184,1.36
2015-09-02,1441152000,72949329.88,83.16223606,1.14
2015-09-03,1441238400,72966710.81,89.7490543,1.23
2015-09-04,1441324800,72989792.69,98.53622013,1.35
2015-09-05,1441411200,73015421.75,100.0311278,1.37
2015-09-06,1441497600,73041590.03,97.87573064,1.34
2015-09-07,1441584000,73067050.5,93.52582464,1.28
2015-09-08,1441670400,73092943,92.09710818,1.26
2015-09-09,1441756800,73119370.66,88.47443849,1.21
2015-09-10,1441843200,73145814.88,87.0435197,1.19
2015-09-11,1441929600,73173054.72,67.31921034,0.92
2015-09-12,1442016000,73199455.81,84.17937418,1.15
2015-09-13,1442102400,73225627.22,65.17080822,0.89
2015-09-14,1442188800,73251215.34,70.32116673,0.96
2015-09-15,1442275200,73276830.66,69.61298912,0.95
2015-09-16,1442361600,73303148.78,68.90495985,0.94
2015-09-17,1442448000,73328584.41,64.52915428,0.88
2015-09-18,1442534400,73354486.13,62.35131321,0.85
2015-09-19,1442620800,73381665.81,65.30968257,0.89
2015-09-20,1442707200,73409648.47,65.33458714,0.89
2015-09-21,1442793600,73436300.34,69.03012232,0.94
2015-09-22,1442880000,73462670.66,59.50476323,0.81
2015-09-23,1442966400,73489750.97,66.87567338,0.91
2015-09-24,1443052800,73516136.75,58.8129094,0.8
2015-09-25,1443139200,73543140.19,50.00933533,0.68
2015-09-26,1443225600,73569050.5,56.64816889,0.77
2015-09-27,1443312000,73594061.59,51.51584312,0.7
2015-09-28,1443398400,73618775.81,44.17126549,0.6
2015-09-29,1443484800,73643144.25,50.07733809,0.68
2015-09-30,1443571200,73668238,52.30444898,0.71
2015-10-01,1443657600,73695660.03,47.90217902,0.65
2015-10-02,1443744000,73722573.16,48.65689828,0.66
2015-10-03,1443830400,73749026.91,50.1493383,0.68
2015-10-04,1443916800,73774507.06,45.00244931,0.61
2015-10-05,1444003200,73800643.94,45.0183928,0.61
2015-10-06,1444089600,73825680.5,47.98669233,0.65
2015-10-07,1444176000,73851814.09,44.31108846,0.6
2015-10-08,1444262400,73878596.28,45.80472969,0.62
2015-10-09,1444348800,73904043.94,47.29858812,0.64
2015-10-10,1444435200,73929543.63,47.31490792,0.64
2015-10-11,1444521600,73956054.41,44.37363264,0.6
2015-10-12,1444608000,73982854.41,46.60919828,0.63
2015-10-13,1444694400,74009522.69,44.40571361,0.6
2015-10-14,1444780800,74035398.31,37.01769916,0.5
2015-10-15,1444867200,74061008.78,41.47416492,0.56
2015-10-16,1444953600,74086450.19,39.2658186,0.53
2015-10-17,1445040000,74112900.81,38.53870842,0.52
2015-10-18,1445126400,74138749.09,37.81076204,0.51
2015-10-19,1445212800,74164715.81,37.08235791,0.5
2015-10-20,1445299200,74190908.31,32.64399966,0.44
2015-10-22,1445472000,74216239.09,45.27190585,0.61
2015-10-21,1445385600,74242285.5,31.18175991,0.42
2015-10-23,1445558400,74269844.09,41.59111269,0.56
2015-10-24,1445644800,74296959.09,41.60629709,0.56
2015-10-25,1445731200,74323773.31,46.08073945,0.62
2015-10-26,1445817600,74349688.63,52.78827892,0.71
2015-10-27,1445904000,74377214.88,61.73308835,0.83
2015-10-28,1445990400,74403563.31,73.65952768,0.99
2015-10-29,1446076800,74431070.34,83.36279879,1.12
2015-10-30,1446163200,74458794.25,84.88302545,1.14
2015-10-31,1446249600,74486542.06,64.80329159,0.87
2015-11-01,1446336000,74514722.22,73.769575,0.99
2015-11-02,1446422400,74541856.44,73.79643787,0.99
2015-11-03,1446508800,74569462.22,79.04362995,1.06
2015-11-04,1446595200,74597178.63,59.6777429,0.8
2015-11-05,1446681600,74624470.03,65.66953363,0.88
2015-11-06,1446768000,74651892.22,73.9053733,0.99
2015-11-07,1446854400,74678607.53,69.451105,0.93
2015-11-08,1446940800,74705896.59,74.70589659,1
2015-11-09,1447027200,74732956.13,74.73295613,1
2015-11-10,1447113600,74760400.19,67.28436017,0.9
2015-11-11,1447200000,74788226.75,56.09117006,0.75
2015-11-12,1447286400,74816251.28,65.83830113,0.88
2015-11-13,1447372800,74844436.44,67.35999279,0.9
2015-11-14,1447459200,74872794.09,65.8880588,0.88
2015-11-15,1447545600,74900914.25,68.90884111,0.92
2015-11-16,1447632000,74928309.41,69.68332775,0.93
2015-11-17,1447718400,74956103,74.956103,1
2015-11-18,1447804800,74983355.03,74.98335503,1
2015-11-19,1447891200,75009918.47,70.50932336,0.94
2015-11-20,1447977600,75035048.94,69.03224502,0.92
2015-11-21,1448064000,75061831.13,72.05935788,0.96
2015-11-22,1448150400,75088819.72,72.83615513,0.97
2015-11-23,1448236800,75116092.06,69.1068047,0.92
2015-11-24,1448323200,75142940.19,68.38007557,0.91
2015-11-25,1448409600,75169412.06,65.39738849,0.87
2015-11-26,1448496000,75195950.5,64.66851743,0.86
2015-11-27,1448582400,75223837.38,66.19697689,0.88
2015-11-28,1448668800,75251045.34,68.47845126,0.91
2015-11-29,1448755200,75278393.16,65.49220205,0.87
2015-11-30,1448841600,75305749.41,66.26905948,0.88
2015-12-01,1448928000,75333292.22,65.53996423,0.87
2015-12-03,1449100800,75361355.5,62.54992507,0.83
2015-12-02,1449014400,75387362.53,61.81763728,0.82
2015-12-04,1449187200,75414041.91,63.3477952,0.84
2015-12-05,1449273600,75440623.78,65.63334269,0.87
2015-12-06,1449360000,75466879.56,62.63751004,0.83
2015-12-07,1449446400,75493598.47,59.63994279,0.79
2015-12-08,1449532800,75519910.97,61.17112788,0.81
2015-12-09,1449619200,75548235.03,61.19407038,0.81
2015-12-10,1449705600,75575712.38,63.4835984,0.84
2015-12-11,1449792000,75602735.19,68.04246167,0.9
2015-12-12,1449878400,75629941.75,72.60474408,0.96
2015-12-13,1449964800,75657849.09,69.60522117,0.92
2015-12-14,1450051200,75684557.69,74.92771211,0.99
2015-12-15,1450137600,75711572.22,75.71157222,1
2015-12-16,1450224000,75738029.56,60.59042365,0.8
2015-12-17,1450310400,75764912.69,71.21901793,0.94
2015-12-18,1450396800,75791584.25,68.21242583,0.9
2015-12-19,1450483200,75818278.78,67.47826812,0.89
2015-12-20,1450569600,75844714.88,81.15384492,1.07
2015-12-21,1450656000,75871172.69,69.04276715,0.91
2015-12-22,1450742400,75898547.06,66.79072142,0.88
2015-12-23,1450828800,75925946.44,66.0555734,0.87
2015-12-24,1450915200,75952633,66.07879071,0.87
2015-12-25,1451001600,75979436.59,66.8619042,0.88
2015-12-26,1451088000,76005996.75,64.60509724,0.85
2015-12-27,1451174400,76032850.5,69.95022246,0.92
2015-12-28,1451260800,76059908.47,66.17212037,0.87
2015-12-29,1451347200,76086569.56,65.43444982,0.86
2015-12-30,1451433600,76113305.81,67.74084217,0.89
2015-12-31,1451520000,76140217.84,72.33320695,0.95
2016-01-01,1451606400,76166284.41,70.07298165,0.92
2016-01-02,1451692800,76193668.31,72.3839849,0.95
2016-01-03,1451779200,76221344.09,73.17249033,0.96
2016-01-04,1451865600,76248764.72,72.43632648,0.95
2016-01-05,1451952000,76276603.94,71.7000077,0.94
2016-01-06,1452038400,76304229.41,72.48901794,0.95
2016-01-07,1452124800,76331251.59,71.7513765,0.94
2016-01-08,1452211200,76359248.31,75.59565583,0.99
2016-01-09,1452297600,76386844.09,75.62297565,0.99
2016-01-10,1452384000,76414132.06,76.41413206,1
2016-01-11,1452470400,76441137.22,82.5564282,1.08
2016-01-12,1452556800,76467038,93.28978636,1.22
2016-01-13,1452643200,76493573.31,87.20267358,1.14
2016-01-14,1452729600,76520492.53,88.76377134,1.16
2016-01-15,1452816000,76547289.88,91.85674785,1.2
2016-01-16,1452902400,76573813,93.42005186,1.22
2016-01-17,1452988800,76600412.84,100.3465408,1.31
2016-01-18,1453075200,76627033,112.6417385,1.47
2016-01-19,1453161600,76653125.81,93.51681349,1.22
2016-01-20,1453248000,76679668.31,118.0866892,1.54
2016-01-21,1453334400,76705587.53,118.1266048,1.54
2016-01-22,1453420800,76731842.53,116.6324006,1.52
2016-01-23,1453507200,76757612.22,155.8179528,2.03
2016-01-24,1453593600,76784855.19,161.2481959,2.1
2016-01-25,1453680000,76810552.22,192.0263805,2.5
2016-01-26,1453766400,76837541.44,176.7263453,2.3
2016-01-27,1453852800,76863642.22,186.0100142,2.42
2016-01-28,1453939200,76890206.91,196.0700276,2.55
2016-01-29,1454025600,76916367.38,185.3684454,2.41
2016-01-30,1454112000,76942560.5,187.7398476,2.44
2016-01-31,1454198400,76968242.38,169.3301332,2.2
2016-02-01,1454284800,76994673.63,167.0784418,2.17
2016-02-02,1454371200,77020542.06,188.7003281,2.45
2016-02-03,1454457600,77047840.03,194.9310353,2.53
2016-02-04,1454544000,77074402.38,198.0812141,2.57
2016-02-05,1454630400,77100960.97,197.3784601,2.56
2016-02-06,1454716800,77127306.75,195.1320861,2.53
2016-02-07,1454803200,77153991.44,231.4619743,3
2016-02-08,1454889600,77180646.44,243.8908427,3.16
2016-02-09,1454976000,77207117.53,290.2987619,3.76
2016-02-10,1455062400,77233278.78,335.9647627,4.35
2016-02-11,1455148800,77259756.59,492.9172471,6.38
2016-02-13,1455321600,77286638.16,403.4362512,5.22
2016-02-12,1455235200,77313140.19,407.4402488,5.27
2016-02-14,1455408000,77339469.25,402.1652401,5.2
2016-02-15,1455494400,77365694.56,403.8489256,5.22
2016-02-16,1455580800,77392140.34,328.9165965,4.25
2016-02-17,1455667200,77417812.38,298.8327558,3.86
2016-02-18,1455753600,77444027.22,337.6559587,4.36
2016-02-19,1455840000,77470682.69,344.744538,4.45
2016-02-20,1455926400,77497243.47,338.662954,4.37
2016-02-21,1456012800,77523780.03,358.9351015,4.63
2016-02-22,1456099200,77550537.84,434.2830119,5.6
2016-02-23,1456185600,77576707.84,442.1872347,5.7
2016-02-24,1456272000,77603134.72,483.4675293,6.23
2016-02-25,1456358400,77629958.47,460.3456537,5.93
2016-02-26,1456444800,77656612.53,468.2693736,6.03
2016-02-27,1456531200,77682812.38,490.1785461,6.31
2016-02-28,1456617600,77709234.41,505.1100236,6.5
2016-02-29,1456704000,77734463.94,493.613846,6.35
2016-03-01,1456790400,77760945.03,590.2055728,7.59
2016-03-02,1456876800,77787589.25,676.7520265,8.7
2016-03-03,1456963200,77813700.5,727.5580997,9.35
2016-03-04,1457049600,77839585.81,775.2822747,9.96
2016-03-05,1457136000,77866168,856.527848,11
2016-03-06,1457222400,77891567.69,855.2494132,10.98
2016-03-07,1457308800,77917553.16,740.216755,9.5
2016-03-08,1457395200,77943376.28,770.0805577,9.88
2016-03-09,1457481600,77969119.56,900.5433309,11.55
2016-03-10,1457568000,77995747.06,866.5327499,11.11
2016-03-11,1457654400,78022049.56,877.7480576,11.25
2016-03-12,1457740800,78048419.72,1034.141561,13.25
2016-03-13,1457827200,78075670.19,1171.135053,15
2016-03-14,1457913600,78102078.16,976.275977,12.5
2016-03-15,1458000000,78133301.75,1022.76492,13.09
2016-03-16,1458086400,78164791.91,1009.889111,12.92
2016-03-17,1458172800,78196816.44,871.1125351,11.14
2016-03-18,1458259200,78228103.63,840.952114,10.75
2016-03-19,1458345600,78260182.06,825.6449208,10.55
2016-03-20,1458432000,78291777.22,787.6152788,10.06
2016-03-21,1458518400,78323160.19,937.5282274,11.97
2016-03-22,1458604800,78354872.06,858.7693978,10.96
2016-03-23,1458691200,78386166.13,963.3659817,12.29
2016-03-24,1458777600,78418237.22,872.7949802,11.13
2016-03-25,1458864000,78450127.06,838.6318583,10.69
2016-03-26,1458950400,78482062.38,863.3026861,11
2016-03-27,1459036800,78513693.16,824.3937781,10.5
2016-03-28,1459123200,78544999.72,909.5510967,11.58
2016-03-29,1459209600,78576437.53,921.7016122,11.73
2016-03-30,1459296000,78608138,933.8646794,11.88
2016-03-31,1459382400,78639526.91,897.277002,11.41
2016-04-01,1459468800,78671411.59,914.9485168,11.63
2016-04-02,1459555200,78702492.84,913.7359419,11.61
2016-04-03,1459641600,78734222.53,911.7422969,11.58
2016-04-04,1459728000,78766175.66,874.3045498,11.1
2016-04-05,1459814400,78797750.5,818.7086277,10.39
2016-04-06,1459900800,78829013.16,850.565052,10.79
2016-04-07,1459987200,78860180.5,794.9106194,10.08
2016-04-08,1460073600,78892094.88,768.4090041,9.74
2016-04-09,1460160000,78923008.47,722.9347576,9.16
2016-04-10,1460246400,78954790.19,694.8021537,8.8
2016-04-11,1460332800,78985756.75,688.7557989,8.72
2016-04-12,1460419200,79017139.56,594.9990609,7.53
2016-04-13,1460505600,79048625.66,633.9699778,8.02
2016-04-14,1460592000,79080026.75,670.5986268,8.48
2016-04-15,1460678400,79111760.19,650.2986687,8.22
2016-04-16,1460764800,79143291.44,671.1351114,8.48
2016-04-17,1460851200,79174794.56,748.2018086,9.45
2016-04-18,1460937600,79206654.09,706.5233545,8.92
2016-04-19,1461024000,79237980.66,694.9170904,8.77
2016-04-20,1461110400,79269812.06,676.964195,8.54
2016-04-21,1461196800,79301185.97,646.3046656,8.15
2016-04-22,1461283200,79332762.69,621.1755318,7.83
2016-04-23,1461369600,79364456.28,659.5186317,8.31
2016-04-24,1461456000,79395951.28,635.1676103,8
2016-04-25,1461542400,79428088.31,590.1506962,7.43
2016-04-26,1461628800,79459376.13,595.9453209,7.5
2016-04-27,1461715200,79491251.13,617.6470212,7.77
2016-04-28,1461801600,79522933.63,580.5174155,7.3
2016-04-29,1461888000,79554617.22,597.4551753,7.51
2016-04-30,1461974400,79586508.94,702.7488739,8.83
2016-05-01,1462060800,79617521.75,697.4494905,8.76
2016-05-02,1462147200,79649433.31,798.8838161,10.03
2016-05-03,1462233600,79681224.56,746.6130742,9.37
2016-05-04,1462320000,79712683.31,751.6906036,9.43
2016-05-05,1462406400,79744463.31,780.6982958,9.79
2016-05-06,1462492800,79776200.97,739.525383,9.27
2016-05-07,1462579200,79807774.09,742.2122991,9.3
2016-05-08,1462665600,79839623.31,753.6860441,9.44
2016-05-09,1462752000,79871424.72,744.4016784,9.32
2016-05-10,1462838400,79903125.66,750.2903499,9.39
2016-05-11,1462924800,79934378.78,796.9457564,9.97
2016-05-12,1463011200,79966635.81,807.6630217,10.1
2016-05-13,1463097600,79998832.53,838.3877649,10.48
2016-05-14,1463184000,80030500.34,811.5092735,10.14
2016-05-15,1463270400,80062308.94,795.8193508,9.94
2016-05-16,1463356800,80093820.5,884.2357783,11.04
2016-05-17,1463443200,80126012.69,982.3449155,12.26
2016-05-18,1463529600,80158417.06,1065.305363,13.29
2016-05-19,1463616000,80190320.66,1161.957746,14.49
2016-05-20,1463702400,80222410.34,1101.453694,13.73
2016-05-21,1463788800,80254249.88,1119.546786,13.95
2016-05-22,1463875200,80286506.13,1140.871252,14.21
2016-05-23,1463961600,80318586.75,1080.284992,13.45
2016-05-24,1464048000,80350590.03,1014.024446,12.62
2016-05-25,1464134400,80382947.06,1007.198327,12.53
2016-05-26,1464220800,80414991.44,994.7334441,12.37
2016-05-28,1464393600,80447310.03,929.970904,11.56
2016-05-27,1464307200,80479631.75,894.1287087,11.11
2016-05-29,1464480000,80511604.09,988.6824983,12.28
2016-05-30,1464566400,80543608.16,1005.18423,12.48
2016-05-31,1464652800,80575141.13,1115.965705,13.85
2016-06-01,1464739200,80607285.34,1114.798756,13.83
2016-06-02,1464825600,80639467.53,1111.211863,13.78
2016-06-03,1464912000,80671739.72,1111.656573,13.78
2016-06-04,1464998400,80703881.28,1102.415018,13.66
2016-06-05,1465084800,80735464.41,1118.186182,13.85
2016-06-06,1465171200,80767836.28,1127.518994,13.96
2016-06-07,1465257600,80799782.22,1164.324862,14.41
2016-06-08,1465344000,80832085.19,1167.21531,14.44
2016-06-09,1465430400,80864311.13,1171.723868,14.49
2016-06-10,1465516800,80895475.34,1130.109791,13.97
2016-06-11,1465603200,80927850.81,1133.79919,14.01
2016-06-12,1465689600,80960067.69,1260.548254,15.57
2016-06-13,1465776000,80992291.91,1421.414723,17.55
2016-06-14,1465862400,81024437.38,1515.156979,18.7
2016-06-15,1465948800,81056304.41,1483.330371,18.3
2016-06-16,1466035200,81088182.06,1671.227432,20.61
2016-06-17,1466121600,81121598.47,1256.57356,15.49
2016-06-18,1466208000,81155985.66,921.9319971,11.36
2016-06-19,1466294400,81189181.13,1001.062603,12.33
2016-06-20,1466380800,81220895.97,950.2844828,11.7
2016-06-21,1466467200,81252884.41,1032.724161,12.71
2016-06-22,1466553600,81285555.03,1073.782182,13.21
2016-06-24,1466726400,81317726.91,1158.777608,14.25
2016-06-23,1466640000,81349575.03,1104.727229,13.58
2016-06-25,1466812800,81381260.97,1162.124407,14.28
2016-06-26,1466899200,81413575.66,1125.135616,13.82
2016-06-27,1466985600,81445670.5,1143.497214,14.04
2016-06-28,1467072000,81477831.91,989.9556577,12.15
2016-06-29,1467158400,81509701.91,1040.063796,12.76
2016-06-30,1467244800,81541688,1011.116931,12.4
2016-07-01,1467331200,81574306.28,997.6537658,12.23
2016-07-02,1467417600,81606222.84,982.538923,12.04
2016-07-03,1467504000,81638262.53,967.413411,11.85
2016-07-04,1467590400,81670403.47,926.1423753,11.34
2016-07-05,1467676800,81701981.28,853.7857044,10.45
2016-07-06,1467763200,81734336.13,859.0278727,10.51
2016-07-07,1467849600,81766232.06,823.3859569,10.07
2016-07-08,1467936000,81798181.59,924.319452,11.3
2016-07-09,1468022400,81830979.72,893.5942985,10.92
2016-07-10,1468108800,81862945.19,898.0365087,10.97
2016-07-11,1468195200,81894930.5,866.4483647,10.58
2016-07-12,1468281600,81926691.59,863.5073294,10.54
2016-07-13,1468368000,81958850.19,855.650396,10.44
2016-07-14,1468454400,81990660.97,946.9921342,11.55
2016-07-15,1468540800,82022545.66,974.4278424,11.88
2016-07-16,1468627200,82054716.13,951.0141599,11.59
2016-07-17,1468713600,82086493.47,918.5478619,11.19
2016-07-18,1468800000,82118991.59,905.7724773,11.03
2016-07-19,1468886400,82150765.5,955.4134028,11.63
2016-07-20,1468972800,82182680.34,1030.570812,12.54
2016-07-21,1469059200,82215464.09,1040.847775,12.66
2016-07-22,1469145600,82247154.72,1218.902833,14.82
2016-07-23,1469232000,82279549.72,1184.825516,14.4
2016-07-24,1469318400,82311025.97,1039.588258,12.63
2016-07-25,1469404800,82343017.53,1139.627363,13.84
2016-07-26,1469491200,82373795.03,995.075444,12.08
2016-07-27,1469577600,82406732.84,1075.407864,13.05
2016-07-28,1469664000,82439087.06,1060.99105,12.87
2016-07-29,1469750400,82471026.44,1061.40211,12.87
2016-07-30,1469836800,82502668.16,1037.058539,12.57
2016-07-31,1469923200,82534887.69,978.863768,11.86
2016-08-01,1470009600,82566482.06,911.533962,11.04
2016-08-02,1470096000,82597837.22,685.5620489,8.3
2016-08-03,1470182400,82629544.88,860.9998576,10.42
2016-08-04,1470268800,82662397.69,926.6454781,11.21
2016-08-05,1470355200,82694629.72,913.7756584,11.05
2016-08-06,1470441600,82726219.56,905.8521042,10.95
2016-08-07,1470528000,82758510.66,908.688447,10.98
2016-08-08,1470614400,82790686.59,934.7068516,11.29
2016-08-10,1470787200,82822849.56,1012.095222,12.22
2016-08-09,1470700800,82855515.97,1012.494405,12.22
2016-08-11,1470873600,82887720.81,968.1285791,11.68
2016-08-12,1470960000,82919824.09,976.7955278,11.78
2016-08-13,1471046400,82951823,958.9230739,11.56
2016-08-14,1471132800,82983791.91,930.2483073,11.21
2016-08-15,1471219200,83016120.81,930.6107143,11.21
2016-08-16,1471305600,83048158,927.6479249,11.17
2016-08-17,1471392000,83080152.53,894.7732428,10.77
2016-08-18,1471478400,83112941.59,895.126381,10.77
2016-08-19,1471564800,83144783,890.4806259,10.71
2016-08-20,1471651200,83177018.63,938.2367701,11.28
2016-08-21,1471737600,83209710.97,926.9561802,11.14
2016-08-22,1471824000,83242003.78,921.4889819,11.07
2016-08-23,1471910400,83274187.69,916.8488064,11.01
2016-08-24,1471996800,83306461.13,917.204137,11.01
2016-08-25,1472083200,83338596.75,945.8930731,11.35
2016-08-26,1472169600,83370468.16,938.7514714,11.26
2016-08-27,1472256000,83402774.56,933.2770474,11.19
2016-08-28,1472342400,83434802.53,916.9484798,10.99
2016-08-29,1472428800,83466728.94,913.9606819,10.95
2016-08-30,1472515200,83498603.78,936.0193484,11.21
2016-08-31,1472601600,83530738.31,964.7800275,11.55
2016-09-01,1472688000,83562483,1020.297917,12.21
2016-09-02,1472774400,83594867.06,1009.825994,12.08
2016-09-03,1472860800,83626363,990.9724016,11.85
2016-09-04,1472947200,83658227.06,979.6378389,11.71
2016-09-05,1473033600,83690416.75,983.3623968,11.75
2016-09-06,1473120000,83722098.16,979.5485484,11.7
2016-09-07,1473206400,83754365.97,970.7131016,11.59
2016-09-08,1473292800,83786274.56,954.3256673,11.39
2016-09-09,1473379200,83818491.44,982.3527196,11.72
2016-09-10,1473465600,83850322.06,1010.396381,12.05
2016-09-11,1473552000,83882675.03,976.3943374,11.64
2016-09-12,1473638400,83914912.06,997.7483044,11.89
2016-09-13,1473724800,83946816.91,1000.646058,11.92
2016-09-14,1473811200,83979345.66,1005.232768,11.97
2016-09-15,1473897600,84011528.47,1004.77788,11.96
2016-09-16,1473984000,84043767.53,1059.791909,12.61
2016-09-17,1474070400,84075922.53,1078.694086,12.83
2016-09-18,1474156800,84105496.44,1042.067101,12.39
2016-09-19,1474243200,84139773.31,1087.927269,12.93
2016-09-20,1474329600,84172265.81,1239.015753,14.72
2016-09-21,1474416000,84204349.56,1155.283676,13.72
2016-09-22,1474502400,84235955.19,1104.333373,13.11
2016-09-23,1474588800,84270235.19,1125.850342,13.36
2016-09-24,1474675200,84303560.03,1088.35896,12.91
2016-09-25,1474761600,84337950.5,1100.610254,13.05
2016-09-26,1474848000,84370081.28,1087.530348,12.89
2016-09-27,1474934400,84405365.66,1104.866236,13.09
2016-09-29,1475107200,84437679.09,1112.044234,13.17
2016-09-28,1475020800,84470082.53,1123.452098,13.3
2016-09-30,1475193600,84501705.81,1118.802585,13.24
2016-10-01,1475280000,84536184.41,1116.722996,13.21
2016-10-02,1475366400,84571945.19,1118.886835,13.23
2016-10-03,1475452800,84605219.72,1137.940205,13.45
2016-10-04,1475539200,84637271.13,1127.368451,13.32
2016-10-05,1475625600,84670352.69,1108.334917,13.09
2016-10-06,1475712000,84703194.56,1090.130114,12.87
2016-10-07,1475798400,84739746.44,1074.499985,12.68
2016-10-08,1475884800,84775841.13,1037.656295,12.24
2016-10-09,1475971200,84809266.75,1022.799757,12.06
2016-10-10,1476057600,84842397.69,996.0497489,11.74
2016-10-11,1476144000,84874877.22,997.2798073,11.75
2016-10-12,1476230400,84907969.88,999.3668054,11.77
2016-10-13,1476316800,84942796.13,1021.012409,12.02
2016-10-14,1476403200,84975709.88,1011.210948,11.9
2016-10-15,1476489600,85007917.06,1016.694688,11.96
2016-10-16,1476576000,85040847.38,1014.537309,11.93
2016-10-17,1476662400,85073225.19,1019.177238,11.98
2016-10-18,1476748800,85106545.5,1063.831819,12.5
2016-10-19,1476835200,85139695.19,1019.973548,11.98
2016-10-20,1476921600,85174224.25,1026.349402,12.05
2016-10-21,1477008000,85206351.13,1028.440658,12.07
2016-10-22,1477094400,85238053.78,1027.970929,12.06
2016-10-23,1477180800,85269385.66,1018.969159,11.95
2016-10-24,1477267200,85301447.53,1017.646269,11.93
2016-10-25,1477353600,85333112.06,971.0908153,11.38
2016-10-26,1477440000,85365068.94,981.6982928,11.5
2016-10-27,1477526400,85396513.94,976.0821543,11.43
2016-10-28,1477612800,85427593,946.5377304,11.08
2016-10-29,1477699200,85457222.53,887.9005421,10.39
2016-10-30,1477785600,85489183,959.1886333,11.22
2016-10-31,1477872000,85521204.25,933.0363384,10.91
2016-11-01,1477958400,85551702.69,919.6808039,10.75
2016-11-02,1478044800,85582844.72,926.0063799,10.82
2016-11-03,1478131200,85614060.66,929.7686987,10.86
2016-11-04,1478217600,85644984.25,953.2286747,11.13
2016-11-05,1478304000,85676408.78,951.8649016,11.11
2016-11-06,1478390400,85708208.94,940.219052,10.97
2016-11-07,1478476800,85741468,934.5820012,10.9
2016-11-08,1478563200,85773795.19,931.5034157,10.86
2016-11-09,1478649600,85804797.53,912.9630457,10.64
2016-11-10,1478736000,85836008.31,902.9948074,10.52
2016-11-11,1478822400,85867347.69,883.5750077,10.29
2016-11-12,1478908800,85899297.69,855.557005,9.96
2016-11-13,1478995200,85931721.91,870.4883429,10.13
2016-11-15,1479168000,85963158.94,878.5434843,10.22
2016-11-14,1479081600,85995043.16,859.9504316,10
2016-11-16,1479254400,86026624.56,861.1265119,10.01
2016-11-17,1479340800,86057433.16,856.2714599,9.95
2016-11-18,1479427200,86090533.94,820.4427884,9.53
2016-11-19,1479513600,86122865.03,835.3917908,9.7
2016-11-20,1479600000,86155325.19,824.506462,9.57
2016-11-21,1479686400,86187136.75,823.9490273,9.56
2016-11-22,1479772800,86218314.25,848.3882122,9.84
2016-11-23,1479859200,86250939.88,843.534192,9.78
2016-11-24,1479945600,86283337.53,795.532372,9.22
2016-11-25,1480032000,86316772.38,810.5144926,9.39
2016-11-26,1480118400,86349268.31,806.502166,9.34
2016-11-27,1480204800,86382979.41,769.6723465,8.91
2016-11-28,1480291200,86416919.25,748.3705207,8.66
2016-11-29,1480377600,86449890.34,707.160103,8.18
2016-11-30,1480464000,86481730.34,742.8780637,8.59
2016-12-01,1480550400,86513478.63,730.1737596,8.44
2016-12-02,1480636800,86545275.03,662.071354,7.65
2016-12-03,1480723200,86577391.44,683.9613924,7.9
2016-12-04,1480809600,86608563.94,653.0285721,7.54
2016-12-05,1480896000,86639798.63,579.6202528,6.69
2016-12-06,1480982400,86671774.25,659.572202,7.61
2016-12-07,1481068800,86703484.88,723.9740987,8.35
2016-12-08,1481155200,86735578.94,719.9053052,8.3
2016-12-09,1481241600,86767239.56,739.2568811,8.52
2016-12-10,1481328000,86798915.97,702.2032302,8.09
2016-12-11,1481414400,86830698,712.0117236,8.2
2016-12-12,1481500800,86862037.38,733.9842158,8.45
2016-12-13,1481587200,86893847.38,729.908318,8.4
2016-12-14,1481673600,86925697.84,715.3984933,8.23
2016-12-15,1481760000,86957065.66,674.7868295,7.76
2016-12-16,1481846400,86988822.06,682.8622532,7.85
2016-12-17,1481932800,87020784.41,666.5792086,7.66
2016-12-18,1482019200,87052676.91,686.8456208,7.89
2016-12-19,1482105600,87084147.38,662.7103615,7.61
2016-12-20,1482192000,87115816.28,661.2090456,7.59
2016-12-21,1482278400,87147409.25,685.8501108,7.87
2016-12-22,1482364800,87178483.31,666.0436125,7.64
2016-12-23,1482451200,87209600.66,624.4207407,7.16
2016-12-24,1482537600,87240927.53,630.7519061,7.23
2016-12-25,1482624000,87272935.97,627.4924096,7.19
2016-12-26,1482710400,87304580.66,629.4660265,7.21
2016-12-27,1482796800,87335807.22,624.4510216,7.15
2016-12-28,1482883200,87367378.63,661.3710562,7.57
2016-12-29,1482969600,87399197.38,717.5474104,8.21
2016-12-30,1483056000,87430878.94,713.4359721,8.16
2016-12-31,1483142400,87462107.06,704.0699619,8.05
2017-01-01,1483228800,87493855.34,712.1999825,8.14
2017-01-02,1483315200,87525386.13,729.0864664,8.33
2017-01-03,1483401600,87556909.41,839.6707612,9.59
2017-01-04,1483488000,87589008.94,952.9684172,10.88
2017-01-05,1483574400,87620825.97,893.7324249,10.2
2017-01-06,1483660800,87652185.5,882.657508,10.07
2017-01-07,1483747200,87684080.5,857.5503073,9.78
2017-01-08,1483833600,87715764.88,900.8409053,10.27
2017-01-09,1483920000,87747515.19,895.0246549,10.2
2017-01-10,1484006400,87778864.56,926.0670211,10.55
2017-01-11,1484092800,87810387.53,863.1761094,9.83
2017-01-12,1484179200,87841944.25,861.7294731,9.81
2017-01-13,1484265600,87873674.56,859.4045372,9.78
2017-01-14,1484352000,87905152.69,859.7123933,9.78
2017-01-15,1484438400,87936854.72,868.8161246,9.88
2017-01-16,1484524800,87968395.03,843.6169083,9.59
2017-01-17,1484611200,87999691.13,892.316868,10.14
2017-01-18,1484697600,88031299.09,897.0389378,10.19
2017-01-19,1484784000,88063420.19,918.5014726,10.43
2017-01-20,1484870400,88094541.28,933.8021376,10.6
2017-01-21,1484956800,88126065.03,961.4553695,10.91
2017-01-22,1485043200,88157642.84,944.1683549,10.71
2017-01-23,1485129600,88189141.28,950.678943,10.78
2017-01-24,1485216000,88220561.75,927.198104,10.51
2017-01-25,1485302400,88251985.34,927.528366,10.51
2017-01-26,1485388800,88283770.03,940.2221508,10.65
2017-01-27,1485475200,88314884.88,928.18944,10.51
2017-01-28,1485561600,88346412.84,931.1711914,10.54
2017-01-29,1485648000,88377545.97,925.3129063,10.47
2017-01-30,1485734400,88409461.28,938.9084788,10.62
2017-01-31,1485820800,88440875.19,947.2017733,10.71
2017-02-01,1485907200,88472207.38,947.537341,10.71
2017-02-02,1485993600,88503622.22,954.0690475,10.78
2017-02-03,1486080000,88534895.5,969.4571057,10.95
2017-02-04,1486166400,88566656.28,1002.574549,11.32
2017-02-05,1486252800,88598257.84,994.072453,11.22
2017-02-06,1486339200,88629881.44,1003.290258,11.32
2017-02-07,1486425600,88661372.84,1015.172719,11.45
2017-02-08,1486512000,88693080.81,1010.21419,11.39
2017-02-09,1486598400,88724508,970.6461175,10.94
2017-02-10,1486684800,88756004.41,1006.49309,11.34
2017-02-11,1486771200,88787594.25,1014.842202,11.43
2017-02-12,1486857600,88819163.94,1014.314852,11.42
2017-02-13,1486944000,88850898,1012.011728,11.39
2017-02-14,1487030400,88882368.94,1155.470796,13
2017-02-15,1487116800,88914090.34,1153.215752,12.97
2017-02-16,1487203200,88945630.19,1151.845911,12.95
2017-02-17,1487289600,88976958,1131.786906,12.72
2017-02-18,1487376000,89008169.72,1141.974817,12.83
2017-02-19,1487462400,89039436.91,1141.485581,12.82
2017-02-20,1487548800,89070824.72,1115.166725,12.52
2017-02-21,1487635200,89102241.59,1137.835625,12.77
2017-02-22,1487721600,89133228.94,1131.100675,12.69
2017-02-23,1487808000,89164458.47,1170.72934,13.13
2017-02-24,1487894400,89195722.06,1169.355916,13.11
2017-02-25,1487980800,89227275.97,1210.814135,13.57
2017-02-26,1488067200,89259096.13,1302.290212,14.59
2017-02-27,1488153600,89290342.53,1388.464826,15.55
2017-02-28,1488240000,89322198.63,1435.407732,16.07
2017-03-01,1488326400,89353343.47,1568.151178,17.55
2017-03-02,1488412800,89384974.41,1705.465312,19.08
2017-03-03,1488499200,89416273.31,1741.829004,19.48
2017-03-04,1488585600,89447445.97,1664.616969,18.61
2017-03-05,1488672000,89479007.84,1719.786531,19.22
2017-03-06,1488758400,89510160.97,1767.825679,19.75
2017-03-07,1488844800,89541229.72,1693.224654,18.91
2017-03-08,1488931200,89572555.66,1481.530071,16.54
2017-03-09,1489017600,89603365.19,1586.875597,17.71
2017-03-10,1489104000,89634392.22,1714.705923,19.13
2017-03-11,1489190400,89665627.69,1923.327714,21.45
2017-03-12,1489276800,89696477.22,2090.824884,23.31
2017-03-13,1489363200,89728090.97,2552.764188,28.45
2017-03-14,1489449600,89759305.81,2565.32096,28.58
2017-03-15,1489536000,89790683.47,3158.836244,35.18
2017-03-16,1489622400,89822111.44,4087.804292,45.51
2017-03-17,1489708800,89853953.31,3996.703843,44.48
2017-03-18,1489795200,89885435.66,3056.104812,34
2017-03-19,1489881600,89916430.19,3877.19647,43.12
2017-03-20,1489968000,89948100.5,3823.693752,42.51
2017-03-21,1490054400,89979116.91,3839.408918,42.67
2017-03-22,1490140800,90010489.25,3748.936877,41.65
2017-03-23,1490227200,90041470.19,3889.791512,43.2
2017-03-24,1490313600,90072311.13,4790.946229,53.19
2017-03-25,1490400000,90103373.94,4561.032789,50.62
2017-03-26,1490486400,90134549.41,4563.512236,50.63
2017-03-27,1490572800,90165551.59,4423.521961,49.06
2017-03-28,1490659200,90196107.06,4532.35438,50.25
2017-03-29,1490745600,90227375.34,4788.366809,53.07
2017-03-30,1490832000,90258195.19,4685.302912,51.91
2017-03-31,1490918400,90289403.47,4506.344127,49.91
2017-04-01,1491004800,90320254.41,4570.204873,50.6
2017-04-02,1491091200,90350695.19,4386.526251,48.55
2017-04-03,1491177600,90381881.44,3988.552428,44.13
2017-04-04,1491264000,90412936.75,4017.04678,44.43
2017-04-05,1491350400,90444172.06,4060.943326,44.9
2017-04-06,1491436800,90474896.44,3911.229773,43.23
2017-04-07,1491523200,90505970.97,3829.307632,42.31
2017-04-08,1491609600,90536886.59,4017.121658,44.37
2017-04-09,1491696000,90567128.63,3959.594863,43.72
2017-04-10,1491782400,90597165.81,3962.720033,43.74
2017-04-11,1491868800,90627616.28,3964.051936,43.74
2017-04-12,1491955200,90657833.31,4204.710309,46.38
2017-04-13,1492041600,90688173.16,4531.688013,49.97
2017-04-14,1492128000,90719162.84,4292.830786,47.32
2017-04-15,1492214400,90749160.97,4436.72648,48.89
2017-04-16,1492300800,90779668.16,4377.395598,48.22
2017-04-17,1492387200,90810315.66,4353.446533,47.94
2017-04-18,1492473600,90840832.38,4531.140719,49.88
2017-04-19,1492560000,90870444.56,4350.876886,47.88
2017-04-20,1492646400,90900866.75,4486.866783,49.36
2017-04-21,1492732800,90931344.09,4389.255979,48.27
2017-04-22,1492819200,90961334.41,4403.438199,48.41
2017-04-23,1492905600,90991825.66,4435.851501,48.75
2017-04-24,1492992000,91021611.13,4545.61926,49.94
2017-04-25,1493078400,91052368.94,4560.81316,50.09
2017-04-26,1493164800,91081701.13,4852.833036,53.28
2017-04-27,1493251200,91111031.13,5752.750505,63.14
2017-04-28,1493337600,91140713.16,6600.410447,72.42
2017-04-29,1493424000,91169930.81,6366.396269,69.83
2017-04-30,1493510400,91199299.41,7280.440072,79.83
2017-05-01,1493596800,91228656.91,7072.95777,77.53
2017-05-02,1493683200,91258093.31,7049.687708,77.25
2017-05-03,1493769600,91287645.97,7336.788107,80.37
2017-05-04,1493856000,91317072.53,8634.029208,94.55
2017-05-05,1493942400,91346771.44,8293.373379,90.79
2017-05-06,1494028800,91376474.88,8664.317348,94.82
2017-05-07,1494115200,91406355.03,8268.618876,90.46
2017-05-08,1494201600,91435780.97,8082.00868,88.39
2017-05-09,1494288000,91465535.97,7890.731788,86.27
2017-05-10,1494374400,91495150.81,8036.019096,87.83
2017-05-11,1494460800,91524885.34,8072.494887,88.2
2017-05-12,1494547200,91554775.03,7795.889094,85.15
2017-05-13,1494633600,91584028.31,8055.73113,87.96
2017-05-14,1494720000,91612245.81,8127.838448,88.72
2017-05-15,1494806400,91640708.16,8276.988761,90.32
2017-05-16,1494892800,91669426.13,8048.575614,87.8
2017-05-17,1494979200,91697325.03,7975.833331,86.98
2017-05-18,1495065600,91725805.81,8794.670261,95.88
2017-05-19,1495152000,91754187.06,11412.38579,124.38
2017-05-20,1495238400,91782839.09,11294.79618,123.06
2017-05-21,1495324800,91811493.16,13588.10099,148
2017-05-22,1495411200,91840262.38,14730.25968,160.39
2017-05-23,1495497600,91868838.47,15571.76812,169.5
2017-05-24,1495584000,91897482.84,17738.97111,193.03
2017-05-25,1495670400,91926318,16301.29397,177.33
2017-05-26,1495756800,91955285.5,14973.07914,162.83
2017-05-27,1495843200,91984057.22,14407.46288,156.63
2017-05-28,1495929600,92012880.5,15905.34652,172.86
2017-05-29,1496016000,92042417.84,17871.87627,194.17
2017-05-30,1496102400,92072237.22,21045.87198,228.58
2017-05-31,1496188800,92100985.66,21057.96936,228.64
2017-06-01,1496275200,92129055.03,20332.88245,220.7
2017-06-02,1496361600,92155875.66,20462.29063,222.04
2017-06-03,1496448000,92183405.81,20676.73792,224.3
2017-06-04,1496534400,92210634.56,22587.91704,244.96
2017-06-05,1496620800,92238426.91,22852.07027,247.75
2017-06-06,1496707200,92265908.16,24382.18889,264.26
2017-06-07,1496793600,92293678.94,23605.95426,255.77
2017-06-08,1496880000,92321310.19,23949.07108,259.41
2017-06-09,1496966400,92348960.19,25775.51828,279.11
2017-06-10,1497052800,92377118.94,31034.09311,335.95
2017-06-11,1497139200,92405045.66,31388.14591,339.68
2017-06-12,1497225600,92433146.28,36479.66551,394.66
2017-06-13,1497312000,92461422.38,35883.35341,388.09
2017-06-14,1497398400,92489691.13,31801.6554,343.84
2017-06-15,1497484800,92517889.88,31889.06628,344.68
2017-06-16,1497571200,92546260.81,32725.28329,353.61
2017-06-17,1497657600,92574559.88,34076.69549,368.1
2017-06-18,1497744000,92603147.38,32552.7844,351.53
2017-06-19,1497830400,92631780.34,33180.70372,358.2
2017-06-20,1497916800,92658489.72,32479.5804,350.53
2017-06-21,1498003200,92684640.5,30150.31355,325.3
2017-06-22,1498089600,92711173.78,29757.50545,320.97
2017-06-23,1498176000,92737276.28,30311.17875,326.85
2017-06-24,1498262400,92763771.28,28250.27891,304.54
2017-06-25,1498348800,92790154.41,25921.85753,279.36
2017-06-26,1498435200,92816853.47,23545.77939,253.68
2017-06-27,1498521600,92843435.81,26566.22072,286.14
2017-06-28,1498608000,92870078.47,29333.94299,315.86
2017-06-29,1498694400,92897087.38,27209.55689,292.9
2017-06-30,1498780800,92923943.63,26081.8925,280.68
2017-07-01,1498867200,92950626.75,24260.11358,261
2017-07-02,1498953600,92977339.09,26404.63453,283.99
2017-07-03,1499040000,93004470.34,25707.36565,276.41
2017-07-04,1499126400,93031836.13,25030.21551,269.05
2017-07-05,1499212800,93058596.44,24753.58665,266
2017-07-06,1499299200,93085523,24749.57886,265.88
2017-07-07,1499385600,93112810.97,22434.60067,240.94
2017-07-08,1499472000,93139877.38,22881.67367,245.67
2017-07-09,1499558400,93166818.16,22147.61601,237.72
2017-07-10,1499644800,93191251.75,19175.03196,205.76
2017-07-11,1499731200,93215219.88,17762.16015,190.55
2017-07-12,1499817600,93239157.84,20899.55723,224.15
2017-07-13,1499904000,93262929.41,19157.13833,205.41
2017-07-14,1499990400,93286700.66,18390.54017,197.14
2017-07-15,1500076800,93310853,15778.86524,169.1
2017-07-16,1500163200,93334862.69,14506.10436,155.42
2017-07-17,1500249600,93358380.97,17735.29163,189.97
2017-07-18,1500336000,93382331.28,21206.19361,227.09
2017-07-19,1500422400,93406814.88,18159.21888,194.41
2017-07-20,1500508800,93431307.69,21146.30787,226.33
2017-07-21,1500595200,93455149.88,20217.15257,216.33
2017-07-22,1500681600,93479457.22,21544.21051,230.47
2017-07-23,1500768000,93503940.5,21348.81969,228.32
2017-07-24,1500854400,93527999.41,21088.69331,225.48
2017-07-25,1500940800,93552692.06,19046.39258,203.59
2017-07-26,1501027200,93577207.06,18984.94377,202.88
2017-07-27,1501113600,93601559.72,18994.56451,202.93
2017-07-28,1501200000,93626244.88,17902.27428,191.21
2017-07-29,1501286400,93650737.38,19305.163,206.14
2017-07-30,1501372800,93675455.03,18433.45604,196.78
2017-07-31,1501459200,93699513.63,18864.52308,201.33
2017-08-01,1501545600,93720934.09,21171.55901,225.9
2017-08-02,1501632000,93742069.41,20447.02018,218.12
2017-08-03,1501718400,93763035.81,21039.48761,224.39
2017-08-04,1501804800,93784340.81,20688.82558,220.6
2017-08-05,1501891200,93805528.63,23741.24124,253.09
2017-08-06,1501977600,93826794.25,24822.81669,264.56
2017-08-07,1502064000,93848415.81,25333.44136,269.94
2017-08-08,1502150400,93870051.13,27833.40886,296.51
2017-08-09,1502236800,93891780.5,27724.36495,295.28
2017-08-10,1502323200,93913244.25,28012.44249,298.28
2017-08-11,1502409600,93935146.28,29056.01945,309.32
2017-08-12,1502496000,93957067.22,28940.65584,308.02
2017-08-13,1502582400,93979101.91,27876.08121,296.62
2017-08-14,1502668800,94001140.03,28121.38105,299.16
2017-08-15,1502755200,94023364.41,26939.57437,286.52
2017-08-16,1502841600,94045930.19,28343.56244,301.38
2017-08-17,1502928000,94068463.16,28248.75949,300.3
2017-08-18,1503014400,94090773.63,27532.84218,292.62
2017-08-19,1503100800,94113338,27577.0903,293.02
2017-08-20,1503187200,94135470.5,28071.1973,298.2
2017-08-21,1503273600,94158216.28,30304.82191,321.85
2017-08-22,1503360000,94180738.94,29513.41816,313.37
2017-08-23,1503446400,94203348.94,29900.14295,317.4
2017-08-24,1503532800,94225880.66,30649.79446,325.28
2017-08-25,1503619200,94244701.44,31106.40616,330.06
2017-08-26,1503705600,94263267.22,31376.47113,332.86
2017-08-27,1503792000,94281902.69,32798.78831,347.88
2017-08-28,1503878400,94300328.16,32784.45209,347.66
2017-08-29,1503964800,94319408.31,35119.83169,372.35
2017-08-30,1504051200,94338352.22,36212.71988,383.86
2017-08-31,1504137600,94357118.31,36641.69975,388.33
2017-09-01,1504224000,94375947.69,36940.63344,391.42
2017-09-02,1504310400,94394795.81,33135.40517,351.03
2017-09-03,1504396800,94413437.84,33276.01617,352.45
2017-09-04,1504483200,94432358.94,28679.10741,303.7
2017-09-05,1504569600,94451460.19,30029.89725,317.94
2017-09-06,1504656000,94470348.47,32017.8905,338.92
2017-09-07,1504742400,94489481.13,31688.93728,335.37
2017-09-08,1504828800,94508748.31,28987.72328,306.72
2017-09-09,1504915200,94527784.09,28716.59553,303.79
2017-09-10,1505001600,94546772.84,28289.3399,299.21
2017-09-11,1505088000,94565618.94,28175.82616,297.95
2017-09-12,1505174400,94584931.44,27817.42834,294.1
2017-09-13,1505260800,94603829.72,26095.52039,275.84
2017-09-14,1505347200,94623119.41,21114.20286,223.14
2017-09-15,1505433600,94642655.81,24566.39417,259.57
2017-09-16,1505520000,94661993.78,24090.5308,254.49
2017-09-17,1505606400,94681215.81,24465.62617,258.4
2017-09-18,1505692800,94700280.81,28176.17455,297.53
2017-09-19,1505779200,94719653.78,26805.66202,283
2017-09-20,1505865600,94738835.81,26864.14428,283.56
2017-09-21,1505952000,94758172.22,24425.81405,257.77
2017-09-22,1506038400,94773915.81,24919.85342,262.94
2017-09-23,1506124800,94788921.59,27122.90202,286.14
2017-09-24,1506211200,94804383,26791.71864,282.6
2017-09-25,1506297600,94819257.38,27961.25081,294.89
2017-09-26,1506384000,94834464.25,27373.01976,288.64
2017-09-27,1506470400,94849875.34,29400.61586,309.97
2017-09-28,1506556800,94864873.31,28722.23769,302.77
2017-09-29,1506643200,94879725.81,27759.91018,292.58
2017-09-30,1506729600,94894657.22,28731.25537,302.77
2017-10-01,1506816000,94909789.88,28847.83063,303.95
2017-10-02,1506902400,94924879.09,28174.65336,296.81
2017-10-03,1506988800,94940057.53,27704.45819,291.81
2017-10-04,1507075200,94955375.97,27696.58406,291.68
2017-10-05,1507161600,94970853,28015.45193,294.99
2017-10-06,1507248000,94985877.06,29286.99547,308.33
2017-10-07,1507334400,95000892.22,29569.97771,311.26
2017-10-08,1507420800,95016091.75,29406.53024,309.49
2017-10-09,1507507200,95031300.5,28219.54468,296.95
2017-10-10,1507593600,95046784.88,28367.66341,298.46
2017-10-11,1507680000,95062284.72,28790.56355,302.86
2017-10-12,1507766400,95077676.28,28798.07737,302.89
2017-10-13,1507852800,95093113.47,32030.21341,336.83
2017-10-14,1507939200,95108431.28,32223.6876,338.81
2017-10-15,1508025600,95124011.44,32016.83977,336.58
2017-10-16,1508112000,95140181,31798.7027,334.23
2017-10-17,1508198400,95160328.25,30083.98617,316.14
2017-10-18,1508284800,95180705.66,29842.95845,313.54
2017-10-19,1508371200,95201131.81,29265.77993,307.41
2017-10-20,1508457600,95221606.81,28859.76459,303.08
2017-10-21,1508544000,95241750.03,28529.66622,299.55
2017-10-22,1508630400,95262134.28,28009.92534,294.03
2017-10-23,1508716800,95282604.69,27181.26864,285.27
2017-10-24,1508803200,95303134.16,28257.37928,296.5
2017-10-25,1508889600,95323352.38,28249.07548,296.35
2017-10-26,1508976000,95343550.53,28177.83292,295.54
2017-10-27,1509062400,95364021.78,28262.0815,296.36
2017-10-28,1509148800,95384467.16,27981.03344,293.35
2017-10-29,1509235200,95404755.97,29006.862,304.04
2017-10-30,1509321600,95424854.56,29276.34538,306.8
2017-10-31,1509408000,95445491,28981.06889,303.64
2017-11-01,1509494400,95465719.34,27629.68849,289.42
2017-11-02,1509580800,95486016.13,27205.87571,284.92
2017-11-03,1509667200,95506325.56,29082.6312,304.51
2017-11-04,1509753600,95526513.88,28661.77522,300.04
2017-11-05,1509840000,95547106.34,28303.91931,296.23
2017-11-06,1509926400,95567346.97,28366.29993,296.82
2017-11-07,1510012800,95587760.75,27896.3321,291.84
2017-11-08,1510099200,95608013.66,29385.123,307.35
2017-11-09,1510185600,95628326.75,30568.55093,319.66
2017-11-10,1510272000,95648853.59,28394.31868,296.86
2017-11-11,1510358400,95669271.88,30062.1553,314.23
2017-11-12,1510444800,95689482.59,29282.89546,306.02
2017-11-13,1510531200,95709903.78,30110.33573,314.6
2017-11-14,1510617600,95729953.81,32042.73014,334.72
2017-11-15,1510704000,95750447.38,31712.54817,331.2
2017-11-16,1510790400,95770669.91,31634.96768,330.32
2017-11-17,1510876800,95791033.91,31775.80177,331.72
2017-11-18,1510963200,95811365.84,33213.00997,346.65
2017-11-19,1511049600,95831788.63,33981.95225,354.6
2017-11-20,1511136000,95852196.97,35245.81135,367.71
2017-11-21,1511222400,95872590.97,34563.9865,360.52
2017-11-22,1511308800,95893095.41,36519.92645,380.84
2017-11-23,1511395200,95913442.81,38995.52844,406.57
2017-11-24,1511481600,95933855.94,45130.16385,470.43
2017-11-25,1511568000,95954171,44581.26739,464.61
2017-11-26,1511654400,95974531.81,45159.8562,470.54
2017-11-27,1511740800,95994803.56,45620.57045,475.24
2017-11-28,1511827200,96015113.19,44768.96683,466.27
2017-11-29,1511913600,96035538.22,41047.50975,427.42
2017-11-30,1512000000,96055954.34,41769.93175,434.85
2017-12-01,1512086400,96076431.03,44346.95904,461.58
2017-12-02,1512172800,96096636.22,44008.41552,457.96
2017-12-03,1512259200,96116972.75,44483.89616,462.81
2017-12-04,1512345600,96137400.97,44889.43663,466.93
2017-12-05,1512432000,96158037.78,43651.90283,453.96
2017-12-06,1512518400,96178679,40633.5683,422.48
2017-12-07,1512604800,96199585.25,40514.45533,421.15
2017-12-11,1512950400,96219914.75,49388.72004,513.29
2017-12-12,1513036800,96240488.28,63183.80537,656.52
2017-12-13,1513123200,96261094.63,67295.16864,699.09
2017-12-14,1513209600,96281880.03,66779.18635,693.58